epoch,time,train/box_loss,train/cls_loss,train/dfl_loss,metrics/precision(B),metrics/recall(B),metrics/mAP50(B),metrics/mAP50-95(B),val/box_loss,val/cls_loss,val/dfl_loss,lr/pg0,lr/pg1,lr/pg2
1,5.86045,0.71648,3.01935,1.33543,0.99879,1,0.995,0.95913,0.31562,1.80735,0.84294,8e-05,8e-05,8e-05
2,7.58978,0.67416,2.65103,1.26946,1,1,0.995,0.97178,0.24815,4.33214,0.82913,0.000178218,0.000178218,0.000178218
3,9.50519,0.59694,1.22594,1.19173,0.9,0.9,0.90278,0.87449,0.35143,5.79191,0.96068,0.000274456,0.000274456,0.000274456
4,11.3407,0.54695,0.81946,1.10797,1,0.99655,0.995,0.82519,0.52804,1.506,1.01901,0.000368714,0.000368714,0.000368714
5,13.1677,0.56699,0.71181,1.158,0.97298,1,0.995,0.88052,0.41173,1.37511,0.94701,0.000460992,0.000460992,0.000460992
6,14.9842,0.63317,0.70292,1.13608,0.55498,1,0.90169,0.66124,0.67554,3.46113,1.1324,0.00055129,0.00055129,0.00055129
7,16.8178,0.59996,0.58356,1.10089,0.85714,0.6,0.77452,0.34132,1.51446,7.05532,2.9086,0.000639608,0.000639608,0.000639608
8,18.6186,0.6425,0.64453,1.14409,0.11667,0.7,0.13324,0.04508,2.12256,45.537,4.26065,0.000725946,0.000725946,0.000725946
9,20.4406,0.66779,0.56253,1.14526,0.36842,0.7,0.47846,0.19526,2.4767,15.7638,5.08793,0.000810304,0.000810304,0.000810304
10,22.2432,0.70675,0.55979,1.2043,0.32143,0.9,0.55586,0.28876,1.62557,18.2965,3.21305,0.000892682,0.000892682,0.000892682
11,24.0421,0.6485,0.54856,1.11565,0.83333,1,0.895,0.51763,0.85471,4.95484,2.0113,0.00097308,0.00097308,0.00097308
12,25.838,0.67241,0.58849,1.13827,0.73211,0.9,0.92882,0.60364,1.20851,3.78034,2.19634,0.0010515,0.0010515,0.0010515
13,27.6178,0.62354,0.60515,1.1074,0.45455,0.5,0.39909,0.23979,1.38196,16.3365,2.44729,0.00112794,0.00112794,0.00112794
14,29.4195,0.59076,0.5218,1.11353,0.07502,0.2,0.06753,0.01584,2.69617,14.0839,3.8098,0.00120239,0.00120239,0.00120239
15,31.2189,0.59836,0.5199,1.09314,0.11664,0.5,0.09822,0.04085,2.22124,9.83184,3.33166,0.00127487,0.00127487,0.00127487
16,32.9973,0.57142,0.51331,1.14708,0.75,0.3,0.46469,0.25237,1.88224,12.6699,3.61144,0.00134537,0.00134537,0.00134537
17,34.8069,0.64807,0.47599,1.1497,0.05521,0.5,0.0534,0.02189,2.38041,9.88562,3.80967,0.00141389,0.00141389,0.00141389
18,36.5811,0.57791,0.47331,1.05631,0.75,0.3,0.61533,0.23346,1.64433,12.5299,2.83822,0.00148043,0.00148043,0.00148043
19,38.3586,0.61533,0.46663,1.06295,0.7,0.7,0.64939,0.19055,2.34803,17.7754,4.4509,0.00154498,0.00154498,0.00154498
20,40.1666,0.59394,0.49449,1.08951,0.02083,0.2,0.04027,0.00439,4.06124,193.909,7.31359,0.00160756,0.00160756,0.00160756
21,41.9399,0.63273,0.4802,1.08715,0.02083,0.2,0.04027,0.00439,5.86383,987.928,11.1584,0.001604,0.001604,0.001604
22,43.7132,0.64053,0.52086,1.09458,0.02083,0.2,0.04027,0.00439,6.08898,740.275,10.1906,0.0015842,0.0015842,0.0015842
23,45.4916,0.70732,0.53335,1.15692,0.02083,0.2,0.04027,0.00439,6.22644,1186.14,13.6688,0.0015644,0.0015644,0.0015644
24,47.2916,0.63673,0.48255,1.15042,0.02083,0.2,0.04027,0.00439,5.9256,147.503,8.35126,0.0015446,0.0015446,0.0015446
25,49.0671,0.62812,0.43955,1.08556,0.02083,0.2,0.04027,0.00439,5.56529,57.6072,6.19641,0.0015248,0.0015248,0.0015248
26,50.8366,0.65112,0.45247,1.12342,0.02829,0.2,0.0086,0.0009,4.84642,24.5959,4.7984,0.001505,0.001505,0.001505
27,52.615,0.61726,0.43894,1.07563,0.12176,0.1,0.06527,0.01689,2.98807,6.32597,3.02018,0.0014852,0.0014852,0.0014852
28,54.4168,0.64175,0.41487,1.10331,0.47017,0.44631,0.47473,0.23164,1.55084,4.35883,2.09596,0.0014654,0.0014654,0.0014654
29,56.1949,0.56738,0.44255,1.07178,0.55533,0.6,0.57952,0.28434,2.23029,6.83661,2.81395,0.0014456,0.0014456,0.0014456
30,57.9697,0.60396,0.43407,1.06903,0.49662,0.5,0.37424,0.13146,2.91337,11.3469,3.25301,0.0014258,0.0014258,0.0014258
31,59.753,0.57792,0.42831,1.0711,0.02976,0.1,0.00767,0.00142,3.51282,6.61603,3.73871,0.001406,0.001406,0.001406
32,61.5495,0.53544,0.38926,1.05476,0.44794,0.1,0.06777,0.0283,2.88276,3.61861,3.12548,0.0013862,0.0013862,0.0013862
33,63.3328,0.5412,0.41177,1.04407,0.16947,0.3,0.17264,0.08318,2.29423,2.89239,2.47481,0.0013664,0.0013664,0.0013664
34,65.1098,0.58662,0.43366,1.07628,0.34443,0.2,0.24159,0.11393,2.00757,2.48706,2.58228,0.0013466,0.0013466,0.0013466
35,66.89,0.60042,0.40736,1.0935,0.79211,0.7645,0.81525,0.34374,2.15407,2.07297,2.28447,0.0013268,0.0013268,0.0013268
36,68.6904,0.56447,0.41654,1.03696,0.95846,1,0.995,0.48235,2.06854,1.03292,3.03227,0.001307,0.001307,0.001307
37,70.4703,0.59835,0.40156,1.11603,0.90795,0.98745,0.98591,0.74633,0.73643,0.65979,1.31034,0.0012872,0.0012872,0.0012872
38,72.2471,0.60318,0.40798,1.07838,0.81623,0.7,0.80028,0.63582,0.76403,0.93354,1.17897,0.0012674,0.0012674,0.0012674
39,74.0243,0.52524,0.33427,1.04883,0.94848,0.7,0.71172,0.61056,0.87155,1.11498,1.24454,0.0012476,0.0012476,0.0012476
40,75.8266,0.53539,0.35023,1.06179,0.01435,0.3,0.00935,0.00335,2.40099,4.20923,3.28064,0.0012278,0.0012278,0.0012278
41,77.6146,0.5805,0.37621,1.10278,0.01554,0.3,0.02463,0.00635,2.3347,4.09666,3.48378,0.001208,0.001208,0.001208
42,79.3976,0.53603,0.34348,1.03019,0.0381,0.4,0.02774,0.00734,2.50003,3.97963,3.60007,0.0011882,0.0011882,0.0011882
43,81.1796,0.54591,0.38301,1.0499,0.0678,0.8,0.15193,0.05004,2.42582,3.5459,3.36161,0.0011684,0.0011684,0.0011684
44,82.9842,0.52342,0.35403,1.03838,0.34118,0.5,0.44799,0.28661,1.25593,2.53526,1.8614,0.0011486,0.0011486,0.0011486
45,84.7806,0.48224,0.34732,0.99851,0.76627,0.4,0.61957,0.43705,1.0619,2.33884,1.47262,0.0011288,0.0011288,0.0011288
46,86.5601,0.52509,0.34551,1.04711,0.87148,0.6,0.82125,0.71484,0.68974,0.928,1.09045,0.001109,0.001109,0.001109
47,88.348,0.49473,0.32121,1.05086,0.89628,1,0.97682,0.86648,0.44004,0.39896,0.938,0.0010892,0.0010892,0.0010892
48,90.1634,0.45865,0.31194,0.99797,1,0.99651,0.995,0.89854,0.48342,0.33161,0.99876,0.0010694,0.0010694,0.0010694
49,91.9506,0.54494,0.35597,1.0251,0.88669,0.8,0.94825,0.7682,0.60504,0.53049,1.0211,0.0010496,0.0010496,0.0010496
50,93.7437,0.48617,0.33246,1.02106,0.60805,0.8,0.8103,0.65654,0.81454,0.79377,1.12597,0.0010298,0.0010298,0.0010298
51,95.5432,0.49222,0.32573,1.03444,1,0.59633,0.75344,0.51726,1.15393,1.08084,1.43901,0.00101,0.00101,0.00101
52,97.3617,0.51599,0.34731,1.01529,0.97963,0.4,0.59736,0.4235,0.99157,1.51693,1.41395,0.0009902,0.0009902,0.0009902
53,99.1577,0.48984,0.31386,1.01371,0.98606,0.4,0.65142,0.46668,0.89934,1.50083,1.39697,0.0009704,0.0009704,0.0009704
54,100.946,0.53165,0.34731,1.10248,0.83317,0.49951,0.68203,0.46139,0.95428,1.44089,1.45331,0.0009506,0.0009506,0.0009506
55,102.733,0.50806,0.33826,1.01098,0.65393,0.8,0.79681,0.56137,0.97714,0.97874,1.30704,0.0009308,0.0009308,0.0009308
56,104.543,0.49333,0.33402,1.05876,0.97485,1,0.995,0.69727,0.62964,0.79433,0.96996,0.000911,0.000911,0.000911
57,106.328,0.55024,0.32775,1.0409,0.89241,1,0.995,0.85848,0.41577,0.60611,0.87393,0.0008912,0.0008912,0.0008912
58,108.12,0.49209,0.33696,1.03322,0.94751,1,0.995,0.93402,0.33787,0.41219,0.83836,0.0008714,0.0008714,0.0008714
59,109.909,0.48064,0.32385,1.02306,0.98887,1,0.995,0.97683,0.26902,0.2311,0.81943,0.0008516,0.0008516,0.0008516
60,111.762,0.45398,0.29334,0.98798,0.99303,1,0.995,0.98498,0.28114,0.21059,0.81004,0.0008318,0.0008318,0.0008318
61,113.597,0.4369,0.28877,0.99435,0.99331,1,0.995,0.995,0.24504,0.17103,0.79778,0.000812,0.000812,0.000812
62,115.427,0.43589,0.29658,1.00066,0.99422,1,0.995,0.98309,0.24988,0.18969,0.80394,0.0007922,0.0007922,0.0007922
63,117.214,0.4812,0.29443,1.04169,0.99482,1,0.995,0.98554,0.28484,0.21871,0.83401,0.0007724,0.0007724,0.0007724
64,119.023,0.46821,0.29455,0.99281,0.99439,1,0.995,0.98591,0.27374,0.21877,0.82241,0.0007526,0.0007526,0.0007526
65,120.818,0.5051,0.31768,1.07158,0.99356,1,0.995,0.98391,0.30323,0.2201,0.8365,0.0007328,0.0007328,0.0007328
66,122.604,0.50881,0.30397,1.03342,0.99407,1,0.995,0.96423,0.34815,0.21593,0.85123,0.000713,0.000713,0.000713
67,124.412,0.50361,0.30391,1.02151,0.99431,1,0.995,0.98065,0.30296,0.20076,0.83713,0.0006932,0.0006932,0.0006932
68,126.225,0.42344,0.28152,0.97304,0.99421,1,0.995,0.96451,0.39341,0.26027,0.91163,0.0006734,0.0006734,0.0006734
69,128.024,0.51948,0.33025,1.03993,0.99445,1,0.995,0.95657,0.39725,0.27386,0.9116,0.0006536,0.0006536,0.0006536
70,129.818,0.45961,0.29757,1.01039,0.99431,1,0.995,0.97135,0.33605,0.23669,0.86269,0.0006338,0.0006338,0.0006338
71,131.604,0.44625,0.28174,1.04089,0.9945,1,0.995,0.98237,0.30982,0.21748,0.84327,0.000614,0.000614,0.000614
72,133.416,0.50163,0.31784,1.06554,0.99503,1,0.995,0.98547,0.33223,0.22751,0.85337,0.0005942,0.0005942,0.0005942
73,135.218,0.50447,0.35723,1.0243,0.99496,1,0.995,0.98609,0.342,0.213,0.86564,0.0005744,0.0005744,0.0005744
74,137.016,0.45447,0.31155,1.00986,0.99491,1,0.995,0.98809,0.32084,0.19026,0.85221,0.0005546,0.0005546,0.0005546
75,138.814,0.48929,0.29506,1.03313,0.99499,1,0.995,0.97989,0.27213,0.18151,0.82651,0.0005348,0.0005348,0.0005348
76,140.629,0.4409,0.29354,1.01361,0.99518,1,0.995,0.97965,0.23597,0.19726,0.79785,0.000515,0.000515,0.000515
77,142.422,0.42122,0.29152,0.9738,0.99509,1,0.995,0.98008,0.24402,0.20359,0.79845,0.0004952,0.0004952,0.0004952
78,144.215,0.41462,0.28186,0.97864,0.99516,1,0.995,0.97918,0.22412,0.18881,0.7948,0.0004754,0.0004754,0.0004754
79,146.006,0.4059,0.27724,0.98926,0.99452,1,0.995,0.98315,0.20823,0.1863,0.79159,0.0004556,0.0004556,0.0004556
80,147.817,0.41125,0.26342,1.00987,0.99523,1,0.995,0.98413,0.23033,0.16778,0.79465,0.0004358,0.0004358,0.0004358
81,149.616,0.40938,0.2658,0.98696,0.99529,1,0.995,0.9845,0.21724,0.17078,0.78275,0.000416,0.000416,0.000416
82,151.414,0.40944,0.2604,1.00183,0.99529,1,0.995,0.98247,0.20487,0.16444,0.77437,0.0003962,0.0003962,0.0003962
83,153.208,0.46802,0.27718,1.01406,0.99521,1,0.995,0.98106,0.20507,0.1504,0.77267,0.0003764,0.0003764,0.0003764
84,155.037,0.44273,0.26793,0.96137,0.99524,1,0.995,0.98077,0.20838,0.15465,0.77708,0.0003566,0.0003566,0.0003566
85,156.831,0.40433,0.24785,0.9943,0.9952,1,0.995,0.98275,0.20466,0.15411,0.77916,0.0003368,0.0003368,0.0003368
86,158.633,0.40197,0.25733,0.97761,0.99523,1,0.995,0.98381,0.20117,0.13964,0.78127,0.000317,0.000317,0.000317
87,160.439,0.40658,0.24926,0.99261,0.9952,1,0.995,0.98281,0.19135,0.13063,0.77684,0.0002972,0.0002972,0.0002972
88,162.265,0.40513,0.27174,0.97796,0.99509,1,0.995,0.98209,0.30389,0.1983,0.83307,0.0002774,0.0002774,0.0002774
89,164.063,0.34042,0.23722,0.96289,0.99513,1,0.995,0.98291,0.34557,0.20796,0.85901,0.0002576,0.0002576,0.0002576
90,165.859,0.37071,0.24546,0.96112,0.99512,1,0.995,0.98481,0.34974,0.21415,0.86113,0.0002378,0.0002378,0.0002378
91,168.025,0.26295,0.19717,0.89311,0.99512,1,0.995,0.9885,0.31694,0.1993,0.83826,0.000218,0.000218,0.000218
92,169.874,0.26425,0.18481,0.90572,0.99513,1,0.995,0.9895,0.23566,0.15125,0.79257,0.0001982,0.0001982,0.0001982
93,171.664,0.24203,0.15986,0.90895,0.99517,1,0.995,0.9895,0.24295,0.15599,0.79628,0.0001784,0.0001784,0.0001784
94,173.456,0.23848,0.172,0.92606,1,1,0.995,0.98995,0.25823,0.15995,0.8023,0.0001586,0.0001586,0.0001586
95,175.246,0.25802,0.16355,0.90907,1,1,0.995,0.98995,0.25795,0.15836,0.79731,0.0001388,0.0001388,0.0001388
96,177.06,0.24803,0.15547,0.87626,1,1,0.995,0.98795,0.23156,0.13936,0.78151,0.000119,0.000119,0.000119
97,178.869,0.23349,0.15394,0.89577,1,1,0.995,0.98795,0.22344,0.13745,0.78022,9.92e-05,9.92e-05,9.92e-05
98,180.682,0.23212,0.14947,0.89876,1,1,0.995,0.98795,0.2166,0.14281,0.77804,7.94e-05,7.94e-05,7.94e-05
99,182.493,0.22847,0.15444,0.88712,1,1,0.995,0.98795,0.21104,0.1358,0.77626,5.96e-05,5.96e-05,5.96e-05
100,184.337,0.25215,0.16094,0.89717,1,1,0.995,0.98795,0.20712,0.12979,0.77662,3.98e-05,3.98e-05,3.98e-05
